Country,Fossil_Fuel_Dependency_(%)-inicio,Fossil_Fuel_Dependency_(%)-fim,Crescimento (%)
UK,39.5738,48.0549,21.431098352950702
Canada,41.2693,45.8598,11.123280501486574
Russia,45.1774,46.9675,3.9623794197984
Australia,47.3495,49.0889,3.673534039430202
Japan,45.9997,46.9014,1.960230175414199
China,45.6036,45.5068,-0.21226394407459448
Brazil,47.8019,44.3846,-7.148879019453211
Germany,46.5646,41.28,-11.348964664144
India,45.7448,38.5284,-15.77534495724104
USA,48.5733,39.1819,-19.33449034757779
