Country,Household_Energy_Use_(%)-inicio,Household_Energy_Use_(%)-fim,Crescimento (%)
India,24.1188,27.795,15.242051843375299
China,22.4816,25.6292,14.000782862429723
Japan,23.17,24.0425,3.7656452309020225
Brazil,24.9906,25.889,3.5949517018398867
Canada,25.4411,26.169,2.861118426483139
Germany,25.3254,25.5152,0.7494452210034265
USA,25.3646,25.2465,-0.4656095503181534
Russia,26.93,26.648,-1.0471593018937988
Australia,26.3295,25.833,-1.885717541161059
UK,24.7896,23.9162,-3.523251686190984
