Country,Renewable_Energy_Share_(%)-inicio,Renewable_Energy_Share_(%)-fim,Crescimento (%)
India,43.7403,47.4706,8.52829084391282
Brazil,48.0481,51.7272,7.657118595740529
Germany,44.7546,48.1286,7.538889857131993
Japan,43.3866,46.0904,6.231878045295093
Russia,52.6865,55.4905,5.322046444535117
China,46.4243,48.4653,4.39640446921116
USA,48.9928,50.9892,4.074884472820484
Australia,51.231,49.5711,-3.2400304503132875
Canada,53.0698,46.1821,-12.978567848380814
UK,51.1716,40.6423,-20.576452563531333
