Country,Per_Capita_Energy_Use_(kWh)
Australia,25230.574972000002
Brazil,25302.61358
Canada,25268.718360000003
China,25299.609828
Germany,24530.180676000004
India,24371.303888
Japan,24668.982563999998
Russia,25480.514484
UK,25341.96336
USA,25125.128539999998
