Country,Renewable Energy Share (%)
Australias,47.32070519098923
Brazils,46.92963617463617
Canadas,47.67852507374631
Chinas,47.00045685279188
Germanys,46.352657054582906
Indias,47.7133032128514
Japans,47.118631790744466
Russias,47.81792960662526
UKs,47.050629235237174
USAs,48.19013295346629
