Country,Industrial_Energy_Use_(%)
Australia,40.096219999999995
Brazil,40.573128000000004
Canada,39.988768
China,39.86944
Germany,40.432559999999995
India,40.088376
Japan,39.857888
Russia,39.909968
UK,39.738008
USA,40.225092
