Country,Fossil_Fuel_Dependency_(%)
Australia,45.086108
Brazil,44.730828
Canada,44.183271999999995
China,46.04952
Germany,45.321456
India,44.989668
Japan,44.578316
Russia,44.83998
UK,44.29198
USA,45.009215999999995
