Country,Household_Energy_Use_(%)
Australia,24.817736
Brazil,25.134843999999998
Canada,25.068084
China,25.246664
Germany,25.023404
India,25.26452
Japan,24.892804
Russia,25.00146
UK,24.926727999999997
USA,24.8602
