Country,Renewable_Energy_Share_(%)
Australia,47.476912
Brazil,47.054840000000006
Canada,47.733528
China,46.926404000000005
Germany,46.2554
India,47.479724
Japan,47.152028
Russia,47.71085600000001
UK,46.978884
USA,48.083968000000006
