Country,Total_Energy_Consumption_(TWh)
Australia,5061.746976
Brazil,4861.818776
Canada,5115.018788
China,5032.72794
Germany,5163.172476
India,5269.535744000001
Japan,5312.137136
Russia,5044.640028
UK,5261.121304
USA,5315.906908
