Country,Carbon_Emissions_(Million_Tons)
Australia,2578.875384
Brazil,2540.10794
Canada,2533.27642
China,2605.732348
Germany,2501.802028
India,2536.9080919999997
Japan,2525.9665959999998
Russia,2494.631188
UK,2537.639312
USA,2508.5424239999998
